Compressive displacement,Primary force measurement,Time measurement
(mm),(kN),(s)
"0.00000","-0.00008","0.00000"
"0.00004","-0.00020","0.02000"
"0.00020","-0.00015","0.04000"
"0.00048","-0.00003","0.06000"
"0.00052","-0.00006","0.08000"
"0.00057","0.00007","0.10000"
"0.00064","0.00006","0.12000"
"0.00088","0.00004","0.14000"
"0.00135","0.00006","0.16000"
"0.00193","0.00033","0.18000"
"0.00243","0.00037","0.20000"
"0.00282","0.00033","0.22000"
"0.00320","0.00019","0.24000"
"0.00360","0.00020","0.26000"
"0.00400","0.00023","0.28000"
"0.00433","0.00018","0.30000"
"0.00459","-0.00007","0.32000"
"0.00485","-0.00001","0.34000"
"0.00513","0.00005","0.36000"
"0.00548","0.00006","0.38000"
"0.00589","0.00026","0.40000"
"0.00638","0.00018","0.42000"
"0.00690","0.00002","0.44000"
"0.00735","0.00001","0.46000"
"0.00771","-0.00004","0.48000"
"0.00804","0.00003","0.50000"
"0.00836","0.00018","0.52000"
"0.00869","0.00007","0.54000"
"0.00899","-0.00014","0.56000"
"0.00925","0.00005","0.58000"
"0.00947","0.00017","0.60000"
"0.00969","0.00014","0.62000"
"0.00993","-0.00012","0.64000"
"0.01021","-0.00017","0.66000"
"0.01055","-0.00032","0.68000"
"0.01095","-0.00021","0.70000"
"0.01141","-0.00008","0.72000"
"0.01188","0.00015","0.74000"
"0.01226","0.00028","0.76000"
"0.01255","0.00008","0.78000"
"0.01282","-0.00006","0.80000"
"0.01312","0.00002","0.82000"
"0.01345","0.00011","0.84000"
"0.01383","0.00003","0.86000"
"0.01418","0.00013","0.88000"
"0.01448","0.00013","0.90000"
"0.01472","0.00015","0.92000"
"0.01496","0.00020","0.94000"
"0.01522","-0.00004","0.96000"
"0.01554","0.00000","0.98000"
"0.01592","0.00008","1.00000"
"0.01637","-0.00005","1.02000"
"0.01688","0.00001","1.04000"
"0.01736","0.00021","1.06000"
"0.01776","0.00007","1.08000"
"0.01810","0.00010","1.10000"
"0.01841","0.00011","1.12000"
"0.01873","0.00000","1.14000"
"0.01903","-0.00021","1.16000"
"0.01931","-0.00011","1.18000"
"0.01954","-0.00014","1.20000"
"0.01976","-0.00011","1.22000"
"0.01999","-0.00015","1.24000"
"0.02024","0.00001","1.26000"
"0.02053","0.00034","1.28000"
"0.02088","0.00013","1.30000"
"0.02132","0.00006","1.32000"
"0.02180","0.00008","1.34000"
"0.02225","0.00020","1.36000"
"0.02260","0.00023","1.38000"
"0.02287","0.00016","1.40000"
"0.02316","0.00013","1.42000"
"0.02348","0.00003","1.44000"
"0.02384","-0.00005","1.46000"
"0.02421","-0.00011","1.48000"
"0.02454","-0.00014","1.50000"
"0.02480","-0.00019","1.52000"
"0.02501","-0.00011","1.54000"
"0.02525","-0.00003","1.56000"
"0.02554","0.00011","1.58000"
"0.02588","-0.00011","1.60000"
"0.02629","-0.00013","1.62000"
"0.02675","-0.00011","1.64000"
"0.02723","-0.00003","1.66000"
"0.02768","-0.00003","1.68000"
"0.02805","0.00005","1.70000"
"0.02839","-0.00011","1.72000"
"0.02874","-0.00012","1.74000"
"0.02908","-0.00011","1.76000"
"0.02938","-0.00016","1.78000"
"0.02963","-0.00006","1.80000"
"0.02984","0.00002","1.82000"
"0.03006","0.00017","1.84000"
"0.03029","0.00017","1.86000"
"0.03057","0.00005","1.88000"
"0.03087","-0.00005","1.90000"
"0.03125","-0.00020","1.92000"
"0.03170","-0.00005","1.94000"
"0.03218","-0.00013","1.96000"
"0.03259","-0.00011","1.98000"
"0.03290","0.00002","2.00000"
"0.03318","-0.00001","2.02000"
"0.03348","-0.00007","2.04000"
"0.03382","0.00003","2.06000"
"0.03419","0.00001","2.08000"
"0.03455","-0.00009","2.10000"
"0.03484","-0.00012","2.12000"
"0.03508","-0.00025","2.14000"
"0.03530","-0.00010","2.16000"
"0.03556","-0.00002","2.18000"
"0.03588","0.00015","2.20000"
"0.03626","0.00015","2.22000"
"0.03670","0.00009","2.24000"
"0.03719","-0.00014","2.26000"
"0.03767","-0.00031","2.28000"
"0.03808","-0.00025","2.30000"
"0.03843","0.00006","2.32000"
"0.03876","-0.00008","2.34000"
"0.03909","-0.00026","2.36000"
"0.03939","0.00004","2.38000"
"0.03966","0.00009","2.40000"
"0.03989","0.00017","2.42000"
"0.04010","0.00012","2.44000"
"0.04033","0.00010","2.46000"
"0.04058","0.00016","2.48000"
"0.04087","0.00006","2.50000"
"0.04122","-0.00003","2.52000"
"0.04164","0.00010","2.54000"
"0.04213","-0.00007","2.56000"
"0.04259","-0.00014","2.58000"
"0.04295","0.00008","2.60000"
"0.04322","-0.00003","2.62000"
"0.04350","-0.00017","2.64000"
"0.04382","-0.00006","2.66000"
"0.04417","0.00006","2.68000"
"0.04454","-0.00006","2.70000"
"0.04487","-0.00035","2.72000"
"0.04513","-0.00028","2.74000"
"0.04536","-0.00001","2.76000"
"0.04560","-0.00009","2.78000"
"0.04589","-0.00001","2.80000"
"0.04623","0.00020","2.82000"
"0.04663","0.00016","2.84000"
"0.04709","-0.00001","2.86000"
"0.04758","-0.00024","2.88000"
"0.04803","-0.00018","2.90000"
"0.04840","0.00011","2.92000"
"0.04873","0.00013","2.94000"
"0.04906","-0.00014","2.96000"
"0.04939","-0.00030","2.98000"
"0.04969","-0.00019","3.00000"
"0.04997","0.00003","3.02000"
"0.05020","-0.00006","3.04000"
"0.05041","0.00012","3.06000"
"0.05064","0.00012","3.08000"
"0.05091","0.00010","3.10000"
"0.05121","0.00007","3.12000"
"0.05159","-0.00002","3.14000"
"0.05204","-0.00009","3.16000"
"0.05252","-0.00011","3.18000"
"0.05294","-0.00002","3.20000"
"0.05325","0.00005","3.22000"
"0.05352","0.00001","3.24000"
"0.05382","0.00018","3.26000"
"0.05417","0.00012","3.28000"
"0.05453","-0.00011","3.30000"
"0.05489","-0.00011","3.32000"
"0.05518","-0.00010","3.34000"
"0.05542","-0.00003","3.36000"
"0.05564","0.00014","3.38000"
"0.05589","0.00013","3.40000"
"0.05620","-0.00014","3.42000"
"0.05657","0.00003","3.44000"
"0.05701","0.00028","3.46000"
"0.05749","0.00046","3.48000"
"0.05798","0.00063","3.50000"
"0.05840","0.00124","3.52000"
"0.05875","0.00191","3.54000"
"0.05907","0.00268","3.56000"
"0.05941","0.00336","3.58000"
"0.05973","0.00428","3.60000"
"0.06001","0.00516","3.62000"
"0.06025","0.00638","3.64000"
"0.06047","0.00745","3.66000"
"0.06069","0.00830","3.68000"
"0.06094","0.00914","3.70000"
"0.06122","0.01027","3.72000"
"0.06155","0.01173","3.74000"
"0.06195","0.01364","3.76000"
"0.06242","0.01589","3.78000"
"0.06288","0.01891","3.80000"
"0.06325","0.02218","3.82000"
"0.06355","0.02548","3.84000"
"0.06383","0.02825","3.86000"
"0.06416","0.03068","3.88000"
"0.06452","0.03370","3.90000"
"0.06488","0.03794","3.92000"
"0.06520","0.04250","3.94000"
"0.06546","0.04671","3.96000"
"0.06569","0.05021","3.98000"
"0.06593","0.05309","4.00000"
"0.06621","0.05647","4.02000"
"0.06655","0.06068","4.04000"
"0.06695","0.06599","4.06000"
"0.06740","0.07259","4.08000"
"0.06789","0.08070","4.10000"
"0.06834","0.09000","4.12000"
"0.06873","0.09893","4.14000"
"0.06907","0.10715","4.16000"
"0.06940","0.11489","4.18000"
"0.06973","0.12221","4.20000"
"0.07004","0.12928","4.22000"
"0.07030","0.13658","4.24000"
"0.07052","0.14373","4.26000"
"0.07073","0.14984","4.28000"
"0.07096","0.15513","4.30000"
"0.07122","0.16076","4.32000"
"0.07152","0.16735","4.34000"
"0.07189","0.17546","4.36000"
"0.07232","0.18577","4.38000"
"0.07278","0.19778","4.40000"
"0.07320","0.21065","4.42000"
"0.07354","0.22325","4.44000"
"0.07382","0.23410","4.46000"
"0.07412","0.24372","4.48000"
"0.07445","0.25341","4.50000"
"0.07482","0.26380","4.52000"
"0.07520","0.27570","4.54000"
"0.07552","0.28882","4.56000"
"0.07577","0.30066","4.58000"
"0.07600","0.30995","4.60000"
"0.07627","0.31841","4.62000"
"0.07657","0.32742","4.64000"
"0.07693","0.33809","4.66000"
"0.07735","0.35120","4.68000"
"0.07782","0.36704","4.70000"
"0.07830","0.38508","4.72000"
"0.07870","0.40360","4.74000"
"0.07904","0.42043","4.76000"
"0.07936","0.43557","4.78000"
"0.07969","0.44950","4.80000"
"0.08001","0.46323","4.82000"
"0.08031","0.47707","4.84000"
"0.08057","0.49008","4.86000"
"0.08079","0.50152","4.88000"
"0.08101","0.51172","4.90000"
"0.08126","0.52146","4.92000"
"0.08156","0.53196","4.94000"
"0.08189","0.54458","4.96000"
"0.08228","0.55971","4.98000"
"0.08274","0.57808","5.00000"
"0.08318","0.59901","5.02000"
"0.08356","0.61982","5.04000"
"0.08386","0.63847","5.06000"
"0.08415","0.65362","5.08000"
"0.08447","0.66752","5.10000"
"0.08482","0.68275","5.12000"
"0.08520","0.69950","5.14000"
"0.08554","0.71757","5.16000"
"0.08581","0.73444","5.18000"
"0.08605","0.74878","5.20000"
"0.08629","0.76136","5.22000"
"0.08657","0.77365","5.24000"
"0.08689","0.78690","5.26000"
"0.08728","0.80242","5.28000"
"0.08773","0.82139","5.30000"
"0.08821","0.84380","5.32000"
"0.08865","0.86831","5.34000"
"0.08901","0.89171","5.36000"
"0.08934","0.91133","5.38000"
"0.08967","0.92886","5.40000"
"0.09002","0.94605","5.42000"
"0.09037","0.96407","5.44000"
"0.09066","0.98235","5.46000"
"0.09089","0.99882","5.48000"
"0.09109","1.01197","5.50000"
"0.09132","1.02333","5.52000"
"0.09158","1.03471","5.54000"
"0.09188","1.04778","5.56000"
"0.09224","1.06351","5.58000"
"0.09267","1.08256","5.60000"
"0.09313","1.10535","5.62000"
"0.09355","1.13034","5.64000"
"0.09389","1.15425","5.66000"
"0.09418","1.17408","5.68000"
"0.09447","1.19055","5.70000"
"0.09481","1.20650","5.72000"
"0.09517","1.22435","5.74000"
"0.09553","1.24402","5.76000"
"0.09586","1.26399","5.78000"
"0.09611","1.28262","5.80000"
"0.09634","1.29794","5.82000"
"0.09659","1.31155","5.84000"
"0.09688","1.32554","5.86000"
"0.09722","1.34123","5.88000"
"0.09763","1.35989","5.90000"
"0.09810","1.38237","5.92000"
"0.09860","1.40893","5.94000"
"0.09902","1.43688","5.96000"
"0.09937","1.46237","5.98000"
"0.09969","1.48328","6.00000"
"0.10002","1.50235","6.02000"
"0.10035","1.52130","6.04000"
"0.10066","1.54032","6.06000"
"0.10093","1.55826","6.08000"
"0.10116","1.57379","6.10000"
"0.10138","1.58760","6.12000"
"0.10162","1.60080","6.14000"
"0.10189","1.61489","6.16000"
"0.10221","1.63078","6.18000"
"0.10259","1.64901","6.20000"
"0.10303","1.67055","6.22000"
"0.10349","1.69585","6.24000"
"0.10389","1.72293","6.26000"
"0.10419","1.74747","6.28000"
"0.10448","1.76721","6.30000"
"0.10479","1.78465","6.32000"
"0.10514","1.80285","6.34000"
"0.10549","1.82331","6.36000"
"0.10584","1.84492","6.38000"
"0.10614","1.86587","6.40000"
"0.10639","1.88462","6.42000"
"0.10662","1.90062","6.44000"
"0.10689","1.91553","6.46000"
"0.10720","1.93155","6.48000"
"0.10757","1.95009","6.50000"
"0.10801","1.97218","6.52000"
"0.10850","1.99867","6.54000"
"0.10898","2.02875","6.56000"
"0.10939","2.05896","6.58000"
"0.10972","2.08536","6.60000"
"0.11004","2.10762","6.62000"
"0.11036","2.12800","6.64000"
"0.11070","2.14802","6.66000"
"0.11101","2.16850","6.68000"
"0.11126","2.18802","6.70000"
"0.11147","2.20448","6.72000"
"0.11169","2.21848","6.74000"
"0.11194","2.23227","6.76000"
"0.11223","2.24780","6.78000"
"0.11256","2.26573","6.80000"
"0.11297","2.28677","6.82000"
"0.11343","2.31217","6.84000"
"0.11388","2.34106","6.86000"
"0.11425","2.36991","6.88000"
"0.11453","2.39449","6.90000"
"0.11480","2.41419","6.92000"
"0.11511","2.43189","6.94000"
"0.11546","2.45118","6.96000"
"0.11584","2.47325","6.98000"
"0.11618","2.49667","7.00000"
"0.11645","2.51889","7.02000"
"0.11667","2.53767","7.04000"
"0.11692","2.55319","7.06000"
"0.11720","2.56838","7.08000"
"0.11753","2.58590","7.10000"
"0.11793","2.60683","7.12000"
"0.11839","2.63222","7.14000"
"0.11888","2.66209","7.16000"
"0.11933","2.69398","7.18000"
"0.11969","2.72402","7.20000"
"0.12002","2.74963","7.22000"
"0.12036","2.77183","7.24000"
"0.12071","2.79389","7.26000"
"0.12103","2.81616","7.28000"
"0.12130","2.83729","7.30000"
"0.12153","2.85599","7.32000"
"0.12175","2.87171","7.34000"
"0.12198","2.88604","7.36000"
"0.12224","2.90071","7.38000"
"0.12253","2.91712","7.40000"
"0.12289","2.93632","7.42000"
"0.12332","2.95995","7.44000"
"0.12379","2.98773","7.46000"
"0.12421","3.01813","7.48000"
"0.12454","3.04682","7.50000"
"0.12482","3.07045","7.52000"
"0.12511","3.09024","7.54000"
"0.12543","3.10910","7.56000"
"0.12579","3.12938","7.58000"
"0.12615","3.15249","7.60000"
"0.12647","3.17701","7.62000"
"0.12672","3.19909","7.64000"
"0.12695","3.21715","7.66000"
"0.12722","3.23319","7.68000"
"0.12752","3.25038","7.70000"
"0.12787","3.27035","7.72000"
"0.12828","3.29380","7.74000"
"0.12876","3.32144","7.76000"
"0.12927","3.35332","7.78000"
"0.12972","3.38724","7.80000"
"0.13008","3.41853","7.82000"
"0.13041","3.44525","7.84000"
"0.13073","3.46859","7.86000"
"0.13104","3.49004","7.88000"
"0.13134","3.51078","7.90000"
"0.13159","3.53054","7.92000"
"0.13181","3.54844","7.94000"
"0.13204","3.56416","7.96000"
"0.13228","3.57960","7.98000"
"0.13256","3.59587","8.00000"
"0.13287","3.61399","8.02000"
"0.13323","3.63468","8.04000"
"0.13367","3.65943","8.06000"
"0.13414","3.68910","8.08000"
"0.13454","3.72055","8.10000"
"0.13485","3.74914","8.12000"
"0.13513","3.77247","8.14000"
"0.13543","3.79228","8.16000"
"0.13578","3.81266","8.18000"
"0.13617","3.83599","8.20000"
"0.13653","3.86195","8.22000"
"0.13681","3.88740","8.24000"
"0.13704","3.90858","8.26000"
"0.13728","3.92555","8.28000"
"0.13756","3.94138","8.30000"
"0.13788","3.95957","8.32000"
"0.13825","3.98167","8.34000"
"0.13869","4.00768","8.36000"
"0.13919","4.03792","8.38000"
"0.13968","4.07193","8.40000"
"0.14006","4.10608","8.42000"
"0.14039","4.13497","8.44000"
"0.14071","4.15875","8.46000"
"0.14105","4.18098","8.48000"
"0.14138","4.20377","8.50000"
"0.14167","4.22692","8.52000"
"0.14191","4.24784","8.54000"
"0.14212","4.26527","8.56000"
"0.14235","4.28044","8.58000"
"0.14260","4.29585","8.60000"
"0.14289","4.31339","8.62000"
"0.14322","4.33317","8.64000"
"0.14362","4.35612","8.66000"
"0.14408","4.38411","8.68000"
"0.14454","4.41616","8.70000"
"0.14490","4.44828","8.72000"
"0.14518","4.47597","8.74000"
"0.14545","4.49795","8.76000"
"0.14575","4.51728","8.78000"
"0.14611","4.53749","8.80000"
"0.14649","4.56127","8.82000"
"0.14684","4.58778","8.84000"
"0.14712","4.61377","8.86000"
"0.14734","4.63509","8.88000"
"0.14759","4.65203","8.90000"
"0.14787","4.66886","8.92000"
"0.14821","4.68788","8.94000"
"0.14861","4.71121","8.96000"
"0.14907","4.73923","8.98000"
"0.14959","4.77148","9.00000"
"0.15005","4.80683","9.02000"
"0.15041","4.84037","9.04000"
"0.15073","4.86880","9.06000"
"0.15105","4.89269","9.08000"
"0.15136","4.91484","9.10000"
"0.15167","4.93722","9.12000"
"0.15194","4.95852","9.14000"
"0.15218","4.97811","9.16000"
"0.15240","4.99566","9.18000"
"0.15264","5.01177","9.20000"
"0.15290","5.02802","9.22000"
"0.15318","5.04637","9.24000"
"0.15352","5.06679","9.26000"
"0.15394","5.09054","9.28000"
"0.15442","5.12005","9.30000"
"0.15488","5.15418","9.32000"
"0.15522","5.18772","9.34000"
"0.15551","5.21524","9.36000"
"0.15580","5.23722","9.38000"
"0.15612","5.25757","9.40000"
"0.15648","5.27983","9.42000"
"0.15684","5.30497","9.44000"
"0.15716","5.33112","9.46000"
"0.15740","5.35499","9.48000"
"0.15762","5.37394","9.50000"
"0.15788","5.39027","9.52000"
"0.15819","5.40810","9.54000"
"0.15854","5.42937","9.56000"
"0.15896","5.45465","9.58000"
"0.15943","5.48454","9.60000"
"0.15992","5.51852","9.62000"
"0.16036","5.55423","9.64000"
"0.16073","5.58718","9.66000"
"0.16106","5.61541","9.68000"
"0.16139","5.64037","9.70000"
"0.16170","5.66401","9.72000"
"0.16200","5.68699","9.74000"
"0.16226","5.70849","9.76000"
"0.16248","5.72766","9.78000"
"0.16271","5.74451","9.80000"
"0.16294","5.76063","9.82000"
"0.16321","5.77773","9.84000"
"0.16353","5.79719","9.86000"
"0.16390","5.81960","9.88000"
"0.16434","5.84640","9.90000"
"0.16481","5.87802","9.92000"
"0.16522","5.91222","9.94000"
"0.16553","5.94353","9.96000"
"0.16580","5.96850","9.98000"
"0.16611","5.98960","10.00000"
"0.16645","6.01090","10.02000"
"0.16682","6.03491","10.04000"
"0.16719","6.06183","10.06000"
"0.16749","6.08873","10.08000"
"0.16772","6.11153","10.10000"
"0.16795","6.12992","10.12000"
"0.16823","6.14708","10.14000"
"0.16856","6.16686","10.16000"
"0.16894","6.19031","10.18000"
"0.16938","6.21776","10.20000"
"0.16985","6.24944","10.22000"
"0.17031","6.28417","10.24000"
"0.17069","6.31880","10.26000"
"0.17103","6.34885","10.28000"
"0.17135","6.37454","10.30000"
"0.17169","6.39853","10.32000"
"0.17203","6.42275","10.34000"
"0.17233","6.44740","10.36000"
"0.17257","6.47043","10.38000"
"0.17277","6.48928","10.40000"
"0.17300","6.50499","10.42000"
"0.17324","6.52040","10.44000"
"0.17352","6.53748","10.46000"
"0.17386","6.55772","10.48000"
"0.17427","6.58227","10.50000"
"0.17472","6.61158","10.52000"
"0.17515","6.64427","10.54000"
"0.17553","6.67666","10.56000"
"0.17583","6.70473","10.58000"
"0.17612","6.72801","10.60000"
"0.17645","6.74948","10.62000"
"0.17680","6.77242","10.64000"
"0.17716","6.79793","10.66000"
"0.17750","6.82468","10.68000"
"0.17777","6.85004","10.70000"
"0.17802","6.87143","10.72000"
"0.17828","6.89021","10.74000"
"0.17857","6.90894","10.76000"
"0.17889","6.92941","10.78000"
"0.17928","6.95299","10.80000"
"0.17973","6.98101","10.82000"
"0.18021","7.01403","10.84000"
"0.18065","7.04961","10.86000"
"0.18100","7.08304","10.88000"
"0.18133","7.11150","10.90000"
"0.18167","7.13638","10.92000"
"0.18203","7.16121","10.94000"
"0.18237","7.18713","10.96000"
"0.18266","7.21253","10.98000"
"0.18289","7.23479","11.00000"
"0.18310","7.25260","11.02000"
"0.18334","7.26818","11.04000"
"0.18360","7.28470","11.06000"
"0.18389","7.30319","11.08000"
"0.18424","7.32427","11.10000"
"0.18466","7.35022","11.12000"
"0.18511","7.38073","11.14000"
"0.18553","7.41367","11.16000"
"0.18586","7.44510","11.18000"
"0.18613","7.47162","11.20000"
"0.18641","7.49319","11.22000"
"0.18674","7.51382","11.24000"
"0.18712","7.53702","11.26000"
"0.18750","7.56368","11.28000"
"0.18784","7.59195","11.30000"
"0.18808","7.61778","11.32000"
"0.18831","7.63810","11.34000"
"0.18856","7.65501","11.36000"
"0.18887","7.67281","11.38000"
"0.18922","7.69401","11.40000"
"0.18964","7.71990","11.42000"
"0.19012","7.75076","11.44000"
"0.19060","7.78559","11.46000"
"0.19102","7.82203","11.48000"
"0.19135","7.85432","11.50000"
"0.19167","7.88117","11.52000"
"0.19201","7.90506","11.54000"
"0.19236","7.92947","11.56000"
"0.19267","7.95465","11.58000"
"0.19294","7.97833","11.60000"
"0.19317","7.99873","11.62000"
"0.19340","8.01613","11.64000"
"0.19364","8.03215","11.66000"
"0.19389","8.04914","11.68000"
"0.19419","8.06799","11.70000"
"0.19457","8.08979","11.72000"
"0.19501","8.11681","11.74000"
"0.19548","8.14945","11.76000"
"0.19589","8.18457","11.78000"
"0.19620","8.21699","11.80000"
"0.19647","8.24293","11.82000"
"0.19676","8.26409","11.84000"
"0.19710","8.28520","11.86000"
"0.19748","8.30967","11.88000"
"0.19785","8.33746","11.90000"
"0.19815","8.36547","11.92000"
"0.19837","8.38921","11.94000"
"0.19861","8.40780","11.96000"
"0.19888","8.42498","11.98000"
"0.19920","8.44450","12.00000"
"0.19958","8.46798","12.02000"
"0.20003","8.49599","12.04000"
"0.20052","8.52923","12.06000"
"0.20099","8.56636","12.08000"
"0.20137","8.60262","12.10000"
"0.20170","8.63334","12.12000"
"0.20203","8.65961","12.14000"
"0.20237","8.68390","12.16000"
"0.20271","8.70880","12.18000"
"0.20299","8.73359","12.20000"
"0.20324","8.75561","12.22000"
"0.20346","8.77446","12.24000"
"0.20368","8.79121","12.26000"
"0.20393","8.80793","12.28000"
"0.20422","8.82631","12.30000"
"0.20454","8.84732","12.32000"
"0.20492","8.87135","12.34000"
"0.20538","8.89997","12.36000"
"0.20584","8.93397","12.38000"
"0.20621","8.96870","12.40000"
"0.20649","8.99838","12.42000"
"0.20677","9.02181","12.44000"
"0.20709","9.04305","12.46000"
"0.20746","9.06644","12.48000"
"0.20783","9.09284","12.50000"
"0.20818","9.12111","12.52000"
"0.20844","9.14783","12.54000"
"0.20867","9.16949","12.56000"
"0.20893","9.18734","12.58000"
"0.20923","9.20549","12.60000"
"0.20956","9.22622","12.62000"
"0.20997","9.25085","12.64000"
"0.21044","9.28072","12.66000"
"0.21092","9.31563","12.68000"
"0.21135","9.35258","12.70000"
"0.21169","9.38621","12.72000"
"0.21201","9.41396","12.74000"
"0.21233","9.43843","12.76000"
"0.21265","9.46214","12.78000"
"0.21297","9.48615","12.80000"
"0.21326","9.51011","12.82000"
"0.21350","9.53242","12.84000"
"0.21373","9.55139","12.86000"
"0.21396","9.56821","12.88000"
"0.21423","9.58520","12.90000"
"0.21454","9.60484","12.92000"
"0.21488","9.62751","12.94000"
"0.21531","9.65373","12.96000"
"0.21579","9.68562","12.98000"
"0.21621","9.72082","13.00000"
"0.21655","9.75480","13.02000"
"0.21682","9.78254","13.04000"
"0.21711","9.80440","13.06000"
"0.21745","9.82551","13.08000"
"0.21782","9.84993","13.10000"
"0.21819","9.87747","13.12000"
"0.21849","9.90518","13.14000"
"0.21872","9.92928","13.16000"
"0.21895","9.94807","13.18000"
"0.21923","9.96548","13.20000"
"0.21954","9.98495","13.22000"
"0.21991","10.00825","13.24000"
"0.22035","10.03577","13.26000"
"0.22084","10.06865","13.28000"
"0.22132","10.10565","13.30000"
"0.22170","10.14232","13.32000"
"0.22203","10.17370","13.34000"
"0.22235","10.18879","13.36000"
"0.22270","10.19668","13.38000"
"0.22303","10.21470","13.40000"
"0.22333","10.23916","13.42000"
"0.22357","10.26300","13.44000"
"0.22380","10.28244","13.46000"
"0.22402","10.29893","13.48000"
"0.22427","10.31476","13.50000"
"0.22454","10.33212","13.52000"
"0.22485","10.35201","13.54000"
"0.22525","10.37541","13.56000"
"0.22571","10.40497","13.58000"
"0.22617","10.43951","13.60000"
"0.22656","10.47501","13.62000"
"0.22685","10.50606","13.64000"
"0.22713","10.53028","13.66000"
"0.22744","10.55143","13.68000"
"0.22781","10.57441","13.70000"
"0.22819","10.60064","13.72000"
"0.22854","10.62931","13.74000"
"0.22880","10.65629","13.76000"
"0.22903","10.67754","13.78000"
"0.22928","10.69510","13.80000"
"0.22957","10.71319","13.82000"
"0.22991","10.73410","13.84000"
"0.23030","10.75935","13.86000"
"0.23075","10.78910","13.88000"
"0.23123","10.82314","13.90000"
"0.23167","10.85959","13.92000"
"0.23201","10.89389","13.94000"
"0.23233","10.92216","13.96000"
"0.23265","10.94663","13.98000"
"0.23300","10.97082","14.00000"
"0.23334","10.99616","14.02000"
"0.23364","11.02173","14.04000"
"0.23388","11.04467","14.06000"
"0.23409","11.06365","14.08000"
"0.23432","11.07987","14.10000"
"0.23457","11.09625","14.12000"
"0.23485","11.11461","14.14000"
"0.23522","11.13569","14.16000"
"0.23565","11.16231","14.18000"
"0.23613","11.19488","14.20000"
"0.23656","11.23077","14.22000"
"0.23688","11.26459","14.24000"
"0.23715","11.29174","14.26000"
"0.23745","11.31347","14.28000"
"0.23778","11.33477","14.30000"
"0.23815","11.35879","14.32000"
"0.23852","11.38607","14.34000"
"0.23884","11.41443","14.36000"
"0.23908","11.43954","14.38000"
"0.23930","11.45829","14.40000"
"0.23955","11.47457","14.42000"
"0.23984","11.49225","14.44000"
"0.24020","11.51381","14.46000"
"0.24062","11.54046","14.48000"
"0.24109","11.57245","14.50000"
"0.24158","11.60867","14.52000"
"0.24201","11.64658","14.54000"
"0.24235","11.68073","14.56000"
"0.24269","11.70936","14.58000"
"0.24304","11.73555","14.60000"
"0.24338","11.76139","14.62000"
"0.24368","11.78740","14.64000"
"0.24393","11.81101","14.66000"
"0.24415","11.83072","14.68000"
"0.24437","11.84770","14.70000"
"0.24462","11.86397","14.72000"
"0.24488","11.88179","14.74000"
"0.24518","11.90162","14.76000"
"0.24556","11.92469","14.78000"
"0.24603","11.95371","14.80000"
"0.24651","11.98875","14.82000"
"0.24690","12.02581","14.84000"
"0.24719","12.05766","14.86000"
"0.24745","12.08201","14.88000"
"0.24776","12.10319","14.90000"
"0.24811","12.12588","14.92000"
"0.24850","12.15214","14.94000"
"0.24886","12.18108","14.96000"
"0.24914","12.20982","14.98000"
"0.24935","12.23307","15.00000"
"0.24958","12.25067","15.02000"
"0.24987","12.26757","15.04000"
"0.25020","12.28784","15.06000"
"0.25058","12.31268","15.08000"
"0.25104","12.34231","15.10000"
"0.25154","12.37726","15.12000"
"0.25201","12.41621","15.14000"
"0.25238","12.45374","15.16000"
"0.25270","12.48450","15.18000"
"0.25303","12.51033","15.20000"
"0.25336","12.53417","15.22000"
"0.25368","12.55860","15.24000"
"0.25396","12.58275","15.26000"
"0.25420","12.60489","15.28000"
"0.25443","12.62454","15.30000"
"0.25466","12.64226","15.32000"
"0.25492","12.65970","15.34000"
"0.25519","12.67847","15.36000"
"0.25554","12.69912","15.38000"
"0.25597","12.72483","15.40000"
"0.25645","12.75747","15.42000"
"0.25689","12.79482","15.44000"
"0.25722","12.83000","15.46000"
"0.25748","12.85794","15.48000"
"0.25776","12.87937","15.50000"
"0.25809","12.90020","15.52000"
"0.25846","12.92469","15.54000"
"0.25884","12.95332","15.56000"
"0.25917","12.98302","15.58000"
"0.25941","13.00903","15.60000"
"0.25963","13.02920","15.62000"
"0.25989","13.04650","15.64000"
"0.26019","13.06556","15.66000"
"0.26055","13.08832","15.68000"
"0.26098","13.11543","15.70000"
"0.26148","13.14854","15.72000"
"0.26200","13.18728","15.74000"
"0.26240","13.22766","15.76000"
"0.26272","13.26220","15.78000"
"0.26303","13.28919","15.80000"
"0.26335","13.31249","15.82000"
"0.26368","13.33619","15.84000"
"0.26399","13.36082","15.86000"
"0.26426","13.38514","15.88000"
"0.26449","13.40674","15.90000"
"0.26471","13.42493","15.92000"
"0.26495","13.44153","15.94000"
"0.26520","13.45897","15.96000"
"0.26549","13.47789","15.98000"
"0.26587","13.49966","16.00000"
"0.26633","13.52745","16.02000"
"0.26681","13.56253","16.04000"
"0.26723","13.60066","16.06000"
"0.26752","13.63474","16.08000"
"0.26779","13.66038","16.10000"
"0.26810","13.68050","16.12000"
"0.26845","13.70233","16.14000"
"0.26883","13.72823","16.16000"
"0.26918","13.75699","16.18000"
"0.26947","13.78507","16.20000"
"0.26970","13.80880","16.22000"
"0.26993","13.82732","16.24000"
"0.27020","13.84445","16.26000"
"0.27053","13.86432","16.28000"
"0.27091","13.88876","16.30000"
"0.27137","13.91844","16.32000"
"0.27187","13.95386","16.34000"
"0.27236","13.99311","16.36000"
"0.27273","14.03126","16.38000"
"0.27306","14.06284","16.40000"
"0.27339","14.08927","16.42000"
"0.27373","14.11461","16.44000"
"0.27405","14.14033","16.46000"
"0.27433","14.16556","16.48000"
"0.27455","14.18741","16.50000"
"0.27476","14.20567","16.52000"
"0.27499","14.22210","16.54000"
"0.27525","14.23878","16.56000"
"0.27551","14.25754","16.58000"
"0.27584","14.27833","16.60000"
"0.27625","14.30333","16.62000"
"0.27672","14.33474","16.64000"
"0.27717","14.37076","16.66000"
"0.27753","14.40677","16.68000"
"0.27781","14.43722","16.70000"
"0.27808","14.46068","16.72000"
"0.27842","14.48199","16.74000"
"0.27880","14.50637","16.76000"
"0.27920","14.53502","16.78000"
"0.27953","14.56534","16.80000"
"0.27977","14.59249","16.82000"
"0.27998","14.61324","16.84000"
"0.28024","14.63044","16.86000"
"0.28054","14.64848","16.88000"
"0.28090","14.66964","16.90000"
"0.28132","14.69620","16.92000"
"0.28181","14.72879","16.94000"
"0.28232","14.76635","16.96000"
"0.28273","14.80527","16.98000"
"0.28306","14.83964","17.00000"
"0.28337","14.86738","17.02000"
"0.28368","14.89147","17.04000"
"0.28401","14.91544","17.06000"
"0.28432","14.94028","17.08000"
"0.28458","14.96428","17.10000"
"0.28482","14.98570","17.12000"
"0.28504","15.00434","17.14000"
"0.28527","15.02132","17.16000"
"0.28552","15.03902","17.18000"
"0.28581","15.05778","17.20000"
"0.28619","15.07987","17.22000"
"0.28664","15.10876","17.24000"
"0.28711","15.14392","17.26000"
"0.28755","15.18126","17.28000"
"0.28786","15.21599","17.30000"
"0.28813","15.24355","17.32000"
"0.28843","15.26538","17.34000"
"0.28878","15.28728","17.36000"
"0.28917","15.31341","17.38000"
"0.28955","15.34345","17.40000"
"0.28982","15.37310","17.42000"
"0.29003","15.39636","17.44000"
"0.29028","15.41432","17.46000"
"0.29056","15.43253","17.48000"
"0.29086","15.45325","17.50000"
"0.29123","15.47704","17.52000"
"0.29167","15.50509","17.54000"
"0.29218","15.53892","17.56000"
"0.29269","15.57847","17.58000"
"0.29306","15.61891","17.60000"
"0.29336","15.65184","17.62000"
"0.29367","15.67757","17.64000"
"0.29399","15.70049","17.66000"
"0.29432","15.72470","17.68000"
"0.29464","15.74996","17.70000"
"0.29490","15.77386","17.72000"
"0.29512","15.79463","17.74000"
"0.29535","15.81269","17.76000"
"0.29560","15.82990","17.78000"
"0.29588","15.84877","17.80000"
"0.29617","15.86993","17.82000"
"0.29656","15.89342","17.84000"
"0.29704","15.92277","17.86000"
"0.29754","15.96000","17.88000"
"0.29793","15.99986","17.90000"
"0.29820","16.03315","17.92000"
"0.29847","16.05732","17.94000"
"0.29879","16.07797","17.96000"
"0.29915","16.10123","17.98000"
"0.29953","16.12840","18.00000"
"0.29987","16.15830","18.02000"
"0.30009","16.18516","18.04000"
"0.30029","16.20496","18.06000"
"0.30054","16.22034","18.08000"
"0.30084","16.23738","18.10000"
"0.30119","16.25941","18.12000"
"0.30160","16.28683","18.14000"
"0.30208","16.31897","18.16000"
"0.30259","16.35663","18.18000"
"0.30306","16.39764","18.20000"
"0.30341","16.43561","18.22000"
"0.30372","16.46603","18.24000"
"0.30402","16.49093","18.26000"
"0.30433","16.51391","18.28000"
"0.30463","16.53720","18.30000"
"0.30492","16.56095","18.32000"
"0.30517","16.58324","18.34000"
"0.30541","16.60309","18.36000"
"0.30563","16.62126","18.38000"
"0.30587","16.63885","18.40000"
"0.30615","16.65754","18.42000"
"0.30650","16.67864","18.44000"
"0.30695","16.70438","18.46000"
"0.30745","16.73762","18.48000"
"0.30791","16.77693","18.50000"
"0.30823","16.81462","18.52000"
"0.30848","16.84296","18.54000"
"0.30876","16.86418","18.56000"
"0.30910","16.88495","18.58000"
"0.30949","16.90919","18.60000"
"0.30986","16.93770","18.62000"
"0.31016","16.96736","18.64000"
"0.31038","16.99255","18.66000"
"0.31060","17.01146","18.68000"
"0.31087","17.02826","18.70000"
"0.31119","17.04782","18.72000"
"0.31157","17.07226","18.74000"
"0.31200","17.10181","18.76000"
"0.31250","17.13591","18.78000"
"0.31300","17.17466","18.80000"
"0.31340","17.21412","18.82000"
"0.31372","17.24782","18.84000"
"0.31403","17.27394","18.86000"
"0.31436","17.29350","18.88000"
"0.31469","17.31530","18.90000"
"0.31502","17.34044","18.92000"
"0.31529","17.36564","18.94000"
"0.31550","17.37828","18.96000"
"0.31570","17.38696","18.98000"
"0.31594","17.39965","19.00000"
"0.31620","17.41708","19.02000"
"0.31651","17.43743","19.04000"
"0.31691","17.46170","19.06000"
"0.31738","17.49249","19.08000"
"0.31784","17.52891","19.10000"
"0.31823","17.56624","19.12000"
"0.31850","17.59851","19.14000"
"0.31876","17.62291","19.16000"
"0.31908","17.64400","19.18000"
"0.31945","17.66723","19.20000"
"0.31983","17.69478","19.22000"
"0.32019","17.72507","19.24000"
"0.32047","17.75391","19.26000"
"0.32068","17.77706","19.28000"
"0.32093","17.79548","19.30000"
"0.32124","17.81421","19.32000"
"0.32159","17.83665","19.34000"
"0.32198","17.86304","19.36000"
"0.32244","17.89393","19.38000"
"0.32291","17.92892","19.40000"
"0.32335","17.96593","19.42000"
"0.32367","18.00072","19.44000"
"0.32397","18.02910","19.46000"
"0.32428","18.05275","19.48000"
"0.32462","18.07644","19.50000"
"0.32497","18.10243","19.52000"
"0.32530","18.13029","19.54000"
"0.32557","18.15626","19.56000"
"0.32579","18.17783","19.58000"
"0.32601","18.19560","19.60000"
"0.32626","18.21249","19.62000"
"0.32654","18.23173","19.64000"
"0.32690","18.25411","19.66000"
"0.32733","18.28139","19.68000"
"0.32777","18.31442","19.70000"
"0.32818","18.35019","19.72000"
"0.32852","18.38423","19.74000"
"0.32878","18.41233","19.76000"
"0.32908","18.43482","19.78000"
"0.32942","18.45783","19.80000"
"0.32978","18.48356","19.82000"
"0.33016","18.51198","19.84000"
"0.33049","18.54136","19.86000"
"0.33075","18.56826","19.88000"
"0.33098","18.59016","19.90000"
"0.33124","18.60899","19.92000"
"0.33154","18.62831","19.94000"
"0.33190","18.65145","19.96000"
"0.33232","18.67890","19.98000"
"0.33280","18.71159","20.00000"
"0.33330","18.75007","20.02000"
"0.33369","18.78896","20.04000"
"0.33400","18.82197","20.06000"
"0.33431","18.84873","20.08000"
"0.33464","18.87311","20.10000"
"0.33499","18.89869","20.12000"
"0.33533","18.92542","20.14000"
"0.33561","18.95205","20.16000"
"0.33585","18.97571","20.18000"
"0.33608","18.99537","20.20000"
"0.33634","19.01350","20.22000"
"0.33658","19.03260","20.24000"
"0.33686","19.05217","20.26000"
"0.33723","19.07431","20.28000"
"0.33768","19.10225","20.30000"
"0.33814","19.13707","20.32000"
"0.33855","19.17479","20.34000"
"0.33884","19.20853","20.36000"
"0.33910","19.23426","20.38000"
"0.33940","19.25573","20.40000"
"0.33975","19.27853","20.42000"
"0.34015","19.30557","20.44000"
"0.34053","19.33594","20.46000"
"0.34083","19.36650","20.48000"
"0.34104","19.39147","20.50000"
"0.34127","19.41003","20.52000"
"0.34156","19.42741","20.54000"
"0.34189","19.44810","20.56000"
"0.34226","19.47335","20.58000"
"0.34271","19.50337","20.60000"
"0.34321","19.53876","20.62000"
"0.34370","19.57887","20.64000"
"0.34406","19.61664","20.66000"
"0.34438","19.57850","20.68000"
"0.34471","19.54279","20.70000"
"0.34503","19.54808","20.72000"
"0.34534","19.57417","20.74000"
"0.34563","19.60307","20.76000"
"0.34590","19.62894","20.78000"
"0.34615","19.65170","20.80000"
"0.34638","19.67163","20.82000"
"0.34662","19.68978","20.84000"
"0.34688","19.70830","20.86000"
"0.34717","19.72855","20.88000"
"0.34755","19.75170","20.90000"
"0.34801","19.78089","20.92000"
"0.34848","19.81662","20.94000"
"0.34889","19.85427","20.96000"
"0.34917","19.88792","20.98000"
"0.34943","19.91350","21.00000"
"0.34972","19.93424","21.02000"
"0.35008","19.95583","21.04000"
"0.35048","19.98238","21.06000"
"0.35087","20.01346","21.08000"
"0.35113","20.04411","21.10000"
"0.35133","20.06703","21.12000"
"0.35157","20.08429","21.14000"
"0.35187","20.10200","21.16000"
"0.35221","20.12338","21.18000"
"0.35262","20.14969","21.20000"
"0.35310","20.18166","21.22000"
"0.35361","20.21896","21.24000"
"0.35407","20.25945","21.26000"
"0.35439","20.29615","21.28000"
"0.35468","20.32468","21.30000"
"0.35499","20.34805","21.32000"
"0.35533","20.37130","21.34000"
"0.35566","20.39694","21.36000"
"0.35595","20.42312","21.38000"
"0.35620","20.44669","21.40000"
"0.35643","20.46690","21.42000"
"0.35667","20.48497","21.44000"
"0.35693","20.50297","21.46000"
"0.35720","20.52239","21.48000"
"0.35751","20.54329","21.50000"
"0.35793","20.56819","21.52000"
"0.35841","20.59948","21.54000"
"0.35888","20.63657","21.56000"
"0.35923","20.67404","21.58000"
"0.35949","20.70469","21.60000"
"0.35977","20.72773","21.62000"
"0.36009","20.74863","21.64000"
"0.36048","20.77256","21.66000"
"0.36088","20.80193","21.68000"
"0.36122","20.83359","21.70000"
"0.36144","20.86117","21.72000"
"0.36165","20.88087","21.74000"
"0.36192","20.89767","21.76000"
"0.36223","20.91676","21.78000"
"0.36258","20.94016","21.80000"
"0.36299","20.96797","21.82000"
"0.36347","21.00056","21.84000"
"0.36397","21.03854","21.86000"
"0.36438","21.07847","21.88000"
"0.36469","21.11326","21.90000"
"0.36499","21.14046","21.92000"
"0.36532","21.16431","21.94000"
"0.36566","21.18865","21.96000"
"0.36598","21.21431","21.98000"
"0.36627","21.23955","22.00000"
"0.36651","21.26223","22.02000"
"0.36675","21.28188","22.04000"
"0.36699","21.30013","22.06000"
"0.36725","21.31874","22.08000"
"0.36751","21.33856","22.10000"
"0.36786","21.35994","22.12000"
"0.36831","21.38615","22.14000"
"0.36879","21.41970","22.16000"
"0.36923","21.45824","22.18000"
"0.36953","21.49394","22.20000"
"0.36978","21.52078","22.22000"
"0.37008","21.54172","22.24000"
"0.37043","21.56357","22.26000"
"0.37081","21.58980","22.28000"
"0.37119","21.61956","22.30000"
"0.37149","21.64971","22.32000"
"0.37169","21.67469","22.34000"
"0.37191","21.69272","22.36000"
"0.37219","21.70952","22.38000"
"0.37252","21.73009","22.40000"
"0.37290","21.75543","22.42000"
"0.37334","21.78528","22.44000"
"0.37384","21.82033","22.46000"
"0.37434","21.85992","22.48000"
"0.37472","21.89939","22.50000"
"0.37504","21.93242","22.52000"
"0.37535","21.95930","22.54000"
"0.37568","21.98411","22.56000"
"0.37602","22.00932","22.58000"
"0.37633","22.03520","22.60000"
"0.37659","22.05972","22.62000"
"0.37682","22.08127","22.64000"
"0.37704","22.09962","22.66000"
"0.37729","22.11689","22.68000"
"0.37757","22.13553","22.70000"
"0.37786","22.15693","22.72000"
"0.37823","22.18082","22.74000"
"0.37868","22.20944","22.76000"
"0.37915","22.24413","22.78000"
"0.37955","22.28188","22.80000"
"0.37983","22.31505","22.82000"
"0.38009","22.34000","22.84000"
"0.38041","22.36157","22.86000"
"0.38077","22.38547","22.88000"
"0.38116","22.41341","22.90000"
"0.38154","22.44394","22.92000"
"0.38179","22.47349","22.94000"
"0.38198","22.49585","22.96000"
"0.38223","22.51256","22.98000"
"0.38252","22.53025","23.00000"
"0.38286","22.55193","23.02000"
"0.38325","22.57839","23.04000"
"0.38371","22.60930","23.06000"
"0.38423","22.64606","23.08000"
"0.38469","22.68673","23.10000"
"0.38503","22.72465","23.12000"
"0.38535","22.75480","23.14000"
"0.38568","22.78056","23.16000"
"0.38602","22.80622","23.18000"
"0.38635","22.83274","23.20000"
"0.38665","22.85888","23.22000"
"0.38690","22.88283","23.24000"
"0.38712","22.90338","23.26000"
"0.38735","22.92099","23.28000"
"0.38760","22.93836","23.30000"
"0.38786","22.95746","23.32000"
"0.38818","22.97780","23.34000"
"0.38859","23.00226","23.36000"
"0.38907","23.03419","23.38000"
"0.38952","23.07187","23.40000"
"0.38986","23.10871","23.42000"
"0.39012","23.13831","23.44000"
"0.39041","23.16110","23.46000"
"0.39075","23.18292","23.48000"
"0.39114","23.20875","23.50000"
"0.39153","23.23858","23.52000"
"0.39186","23.26953","23.54000"
"0.39208","23.29728","23.56000"
"0.39230","23.31734","23.58000"
"0.39257","23.33420","23.60000"
"0.39289","23.35385","23.62000"
"0.39326","23.37820","23.64000"
"0.39369","23.40723","23.66000"
"0.39415","23.44071","23.68000"
"0.39464","23.47795","23.70000"
"0.39505","23.51667","23.72000"
"0.39536","23.55094","23.74000"
"0.39568","23.57820","23.76000"
"0.39602","23.60265","23.78000"
"0.39637","23.62758","23.80000"
"0.39668","23.65104","23.82000"
"0.39695","23.67471","23.84000"
"0.39719","23.69689","23.86000"
"0.39742","23.71608","23.88000"
"0.39765","23.73354","23.90000"
"0.39789","23.75165","23.92000"
"0.39816","23.77002","23.94000"
"0.39853","23.79140","23.96000"
"0.39897","23.81990","23.98000"
"0.39944","23.85437","24.00000"
"0.39987","23.89186","24.02000"
"0.40019","23.92717","24.04000"
"0.40044","23.95479","24.06000"
"0.40073","23.97618","24.08000"
"0.40109","23.99802","24.10000"
"0.40149","24.02422","24.12000"
"0.40189","24.05536","24.14000"
"0.40219","24.08691","24.16000"
"0.40239","24.11280","24.18000"
"0.40261","24.13130","24.20000"
"0.40288","24.14746","24.22000"
"0.40321","24.16688","24.24000"
"0.40359","24.19137","24.26000"
"0.40404","24.22170","24.28000"
"0.40454","24.25722","24.30000"
"0.40504","24.29694","24.32000"
"0.40540","24.33703","24.34000"
"0.40570","24.36963","24.36000"
"0.40602","24.39520","24.38000"
"0.40637","24.41957","24.40000"
"0.40672","24.44599","24.42000"
"0.40702","24.47342","24.44000"
"0.40727","24.49853","24.46000"
"0.40749","24.51942","24.48000"
"0.40771","24.53698","24.50000"
"0.40795","24.55398","24.52000"
"0.40820","24.57249","24.54000"
"0.40849","24.59235","24.56000"
"0.40887","24.61536","24.58000"
"0.40933","24.64466","24.60000"
"0.40981","24.68075","24.62000"
"0.41020","24.71900","24.64000"
"0.41048","24.75225","24.66000"
"0.41075","24.77743","24.68000"
"0.41107","24.79874","24.70000"
"0.41145","24.82241","24.72000"
"0.41185","24.85121","24.74000"
"0.41221","24.88271","24.76000"
"0.41245","24.91188","24.78000"
"0.41265","24.93367","24.80000"
"0.41289","24.95011","24.82000"
"0.41319","24.96777","24.84000"
"0.41353","24.99002","24.86000"
"0.41393","25.01681","24.88000"
"0.41440","25.04837","24.90000"
"0.41491","25.08509","24.92000"
"0.41537","25.12573","24.94000"
"0.41570","25.16367","24.96000"
"0.41600","25.19332","24.98000"
"0.41633","25.21818","25.00000"
"0.41666","25.24327","25.02000"
"0.41699","25.26949","25.04000"
"0.41728","25.29528","25.06000"
"0.41753","25.31867","25.08000"
"0.41777","25.33908","25.10000"
"0.41800","25.35756","25.12000"
"0.41825","25.37569","25.14000"
"0.41853","25.39534","25.16000"
"0.41884","25.41656","25.18000"
"0.41924","25.44119","25.20000"
"0.41972","25.47247","25.22000"
"0.42020","25.51059","25.24000"
"0.42055","25.54946","25.26000"
"0.42080","25.58030","25.28000"
"0.42107","25.60252","25.30000"
"0.42140","25.62371","25.32000"
"0.42179","25.64898","25.34000"
"0.42219","25.67886","25.36000"
"0.42252","25.71081","25.38000"
"0.42273","25.73842","25.40000"
"0.42294","25.75830","25.42000"
"0.42321","25.77539","25.44000"
"0.42353","25.79504","25.46000"
"0.42389","25.81912","25.48000"
"0.42432","25.84815","25.50000"
"0.42482","25.88302","25.52000"
"0.42534","25.92342","25.54000"
"0.42573","25.96505","25.56000"
"0.42604","25.99981","25.58000"
"0.42634","26.02636","25.60000"
"0.42665","26.04957","25.62000"
"0.42698","26.07360","25.64000"
"0.42730","26.09919","25.66000"
"0.42759","26.12529","25.68000"
"0.42784","26.14859","25.70000"
"0.42808","26.16818","25.72000"
"0.42831","26.18595","25.74000"
"0.42858","26.20413","25.76000"
"0.42886","26.22450","25.78000"
"0.42921","26.24696","25.80000"
"0.42965","26.27437","25.82000"
"0.43014","26.30911","25.84000"
"0.43057","26.34796","25.86000"
"0.43089","26.38401","25.88000"
"0.43113","26.41232","25.90000"
"0.43141","26.43191","25.92000"
"0.43177","26.45084","25.94000"
"0.43216","26.47623","25.96000"
"0.43255","26.50672","25.98000"
"0.43281","26.53781","26.00000"
"0.43301","26.56215","26.02000"
"0.43324","26.57947","26.04000"
"0.43354","26.59708","26.06000"
"0.43388","26.61856","26.08000"
"0.43427","26.64492","26.10000"
"0.43473","26.67655","26.12000"
"0.43525","26.71390","26.14000"
"0.43572","26.75491","26.16000"
"0.43604","26.79336","26.18000"
"0.43633","26.82321","26.20000"
"0.43665","26.84733","26.22000"
"0.43700","26.87159","26.24000"
"0.43735","26.89797","26.26000"
"0.43766","26.92544","26.28000"
"0.43791","26.95120","26.30000"
"0.43813","26.97265","26.32000"
"0.43836","26.99050","26.34000"
"0.43861","27.00772","26.36000"
"0.43887","27.02609","26.38000"
"0.43917","27.04623","26.40000"
"0.43959","27.07065","26.42000"
"0.44008","27.10280","26.44000"
"0.44054","27.14124","26.46000"
"0.44090","27.17942","26.48000"
"0.44115","27.21030","26.50000"
"0.44142","27.23273","26.52000"
"0.44174","27.25349","26.54000"
"0.44212","27.27788","26.56000"
"0.44251","27.30694","26.58000"
"0.44285","27.33817","26.60000"
"0.44307","27.36602","26.62000"
"0.44329","27.38676","26.64000"
"0.44356","27.40420","26.66000"
"0.44387","27.42380","26.68000"
"0.44423","27.44766","26.70000"
"0.44465","27.47641","26.72000"
"0.44513","27.50997","26.74000"
"0.44565","27.54838","26.76000"
"0.44607","27.58964","26.78000"
"0.44638","27.62557","26.80000"
"0.44668","27.65319","26.82000"
"0.44700","27.67703","26.84000"
"0.44733","27.70144","26.86000"
"0.44766","27.72700","26.88000"
"0.44796","27.75321","26.90000"
"0.44820","27.77729","26.92000"
"0.44841","27.79740","26.94000"
"0.44865","27.81479","26.96000"
"0.44888","27.83242","26.98000"
"0.44915","27.85055","27.00000"
"0.44952","27.87138","27.02000"
"0.44998","27.89980","27.04000"
"0.45048","27.93659","27.06000"
"0.45091","27.97695","27.08000"
"0.45119","28.01322","27.10000"
"0.45143","28.03960","27.12000"
"0.45173","28.06025","27.14000"
"0.45209","28.08231","27.16000"
"0.45248","28.10938","27.18000"
"0.45287","28.14069","27.20000"
"0.45318","28.17195","27.22000"
"0.45337","28.19768","27.24000"
"0.45358","28.21572","27.26000"
"0.45385","28.23173","27.28000"
"0.45418","28.25149","27.30000"
"0.45457","28.27654","27.32000"
"0.45502","28.30723","27.34000"
"0.45551","28.34340","27.36000"
"0.45600","28.38276","27.38000"
"0.45637","28.42041","27.40000"
"0.45668","28.45176","27.42000"
"0.45700","28.47738","27.44000"
"0.45734","28.50170","27.46000"
"0.45769","28.52789","27.48000"
"0.45799","28.55536","27.50000"
"0.45825","28.58053","27.52000"
"0.45848","28.60176","27.54000"
"0.45870","28.61995","27.56000"
"0.45895","28.63769","27.58000"
"0.45919","28.65689","27.60000"
"0.45949","28.67651","27.62000"
"0.45990","28.70024","27.64000"
"0.46039","28.73185","27.66000"
"0.46086","28.77040","27.68000"
"0.46122","28.80955","27.70000"
"0.46147","28.84111","27.72000"
"0.46174","28.84812","27.74000"
"0.46205","28.71414","27.75600"
"0.46243","28.58857","27.77400"
"0.46283","28.55783","27.79400"
"0.46318","28.58836","27.81400"
"0.46340","28.62721","27.83400"
"0.46356","28.65278","27.85400"
"0.46379","28.66741","27.87400"
"0.46409","28.68277","27.89400"
"0.46443","28.70364","27.91400"
"0.46482","28.73040","27.93400"
"0.46528","28.76295","27.95400"
"0.46579","28.80092","27.97400"
"0.46628","28.84312","27.99400"
"0.46662","28.88374","28.01400"
"0.46691","28.91587","28.03400"
"0.46722","28.94158","28.05400"
"0.46755","28.96618","28.07400"
"0.46788","28.99235","28.09400"
"0.46818","29.01925","28.11400"
"0.46844","29.04432","28.13400"
"0.46868","29.06629","28.15400"
"0.46891","29.08545","28.17400"
"0.46916","29.10339","28.19400"
"0.46940","29.12273","28.21400"
"0.46972","29.14321","28.23400"
"0.47014","29.16821","28.25400"
"0.47064","29.20085","28.27400"
"0.47111","29.24029","28.29400"
"0.47147","29.27998","28.31400"
"0.47171","29.31089","28.33400"
"0.47197","29.33283","28.35400"
"0.47230","29.35310","28.37400"
"0.47268","29.37746","28.39400"
"0.47310","29.40718","28.41400"
"0.47344","29.44020","28.43400"
"0.47364","29.46951","28.45400"
"0.47384","29.48882","28.47400"
"0.47411","29.50302","28.49400"
"0.47442","29.52029","28.51400"
"0.47478","29.54290","28.53400"
"0.47521","29.57096","28.55400"
"0.47572","29.60523","28.57400"
"0.47625","29.64577","28.59400"
"0.47665","29.68618","28.61400"
"0.47680","29.55476","28.62100"
"0.47691","29.39444","28.62500"
"0.47700","29.25447","28.62800"
"0.47710","29.10692","28.63100"
"0.47719","28.95839","28.63400"
"0.47729","28.81396","28.63700"
"0.47738","28.67740","28.64000"
"0.47747","28.55138","28.64300"
"0.47758","28.40258","28.64700"
"0.47769","28.27731","28.65100"
"0.47783","28.13327","28.65700"
"0.47801","28.00449","28.66600"
"0.47826","27.95725","28.68600"
"0.47839","28.01864","28.70600"
"0.47852","28.06550","28.72600"
"0.47869","28.08644","28.74600"
"0.47890","28.09852","28.76600"
"0.47913","28.11271","28.78600"
"0.47938","28.12993","28.80600"
"0.47962","28.14871","28.82600"
"0.47995","28.16900","28.84600"
"0.48038","28.19409","28.86600"
"0.48088","28.22685","28.88600"
"0.48134","28.26582","28.90600"
"0.48168","28.30383","28.92600"
"0.48191","28.33388","28.94600"
"0.48219","28.35595","28.96600"
"0.48253","28.37680","28.98600"
"0.48292","28.40181","29.00600"
"0.48330","28.43216","29.02600"
"0.48363","28.46375","29.04600"
"0.48385","28.49128","29.06600"
"0.48406","28.51095","29.08600"
"0.48430","28.52638","29.10600"
"0.48460","28.54438","29.12600"
"0.48496","28.56719","29.14600"
"0.48540","28.59521","29.16600"
"0.48593","28.62885","29.18600"
"0.48647","28.66911","29.20600"
"0.48687","28.71110","29.22600"
"0.48717","28.74640","29.24600"
"0.48748","28.77375","29.26600"
"0.48780","28.79793","29.28600"
"0.48814","28.82261","29.30600"
"0.48845","28.84844","29.32600"
"0.48872","28.87352","29.34600"
"0.48894","28.89556","29.36600"
"0.48916","28.91423","29.38600"
"0.48941","28.93163","29.40600"
"0.48966","28.94991","29.42600"
"0.48993","28.96934","29.44600"
"0.49030","28.99088","29.46600"
"0.49076","29.01880","29.48600"
"0.49125","29.05413","29.50600"
"0.49166","29.09221","29.52600"
"0.49195","29.12663","29.54600"
"0.49220","29.15253","29.56600"
"0.49249","29.17309","29.58600"
"0.49286","29.19493","29.60600"
"0.49327","29.22193","29.62600"
"0.49365","29.25325","29.64600"
"0.49393","29.28431","29.66600"
"0.49412","29.30808","29.68600"
"0.49434","29.32523","29.70600"
"0.49462","29.34180","29.72600"
"0.49497","29.36225","29.74600"
"0.49537","29.38839","29.76600"
"0.49584","29.41966","29.78600"
"0.49637","29.45672","29.80600"
"0.49684","29.49784","29.82600"
"0.49716","29.53520","29.84600"
"0.49745","29.56367","29.86600"
"0.49775","29.58711","29.88600"
"0.49809","29.61026","29.90600"
"0.49843","29.63544","29.92600"
"0.49874","29.66166","29.94600"
"0.49901","29.68581","29.96600"
"0.49923","29.70667","29.98600"
"0.49945","29.72443","30.00600"
"0.49969","29.74123","30.02600"
"0.49992","29.75433","30.04600"
"0.50023","29.76767","30.06600"
"0.50066","29.78914","30.08600"
"0.50117","29.66262","30.10500"
"0.50160","29.53367","30.12100"
"0.50198","29.48290","30.14100"
"0.50222","29.50335","30.16100"
"0.50246","29.53490","30.18100"
"0.50275","29.56044","30.20100"
"0.50311","29.58399","30.22100"
"0.50352","29.61053","30.24100"
"0.50390","29.64148","30.26100"
"0.50412","29.67124","30.28100"
"0.50432","29.69263","30.30100"
"0.50458","29.70875","30.32100"
"0.50489","29.72644","30.34100"
"0.50523","29.74890","30.36100"
"0.50564","29.77616","30.38100"
"0.50611","29.80768","30.40100"
"0.50663","29.84375","30.42100"
"0.50709","29.88352","30.44100"
"0.50741","29.92002","30.46100"
"0.50770","29.94805","30.48100"
"0.50801","29.97110","30.50100"
"0.50833","29.99422","30.52100"
"0.50865","30.01850","30.54100"
"0.50896","30.04274","30.56100"
"0.50922","30.06612","30.58100"
"0.50946","30.08713","30.60100"
"0.50969","30.10587","30.62100"
"0.50994","30.12342","30.64100"
"0.51020","30.14182","30.66100"
"0.51051","30.16181","30.68100"
"0.51094","30.18551","30.70100"
"0.51145","30.21669","30.72100"
"0.51191","30.25450","30.74100"
"0.51224","30.29157","30.76100"
"0.51248","30.31980","30.78100"
"0.51275","30.34013","30.80100"
"0.51310","30.36023","30.82100"
"0.51349","30.38447","30.84100"
"0.51390","30.41391","30.86100"
"0.51421","30.44481","30.88100"
"0.51439","30.46983","30.90100"
"0.51461","30.48707","30.92100"
"0.51490","30.50288","30.94100"
"0.51522","30.52204","30.96100"
"0.51558","30.54510","30.98100"
"0.51602","30.57238","31.00100"
"0.51654","30.60563","31.02100"
"0.51707","30.64442","31.04100"
"0.51744","30.68432","31.06100"
"0.51773","30.71651","31.08100"
"0.51802","30.74036","31.10100"
"0.51834","30.76137","31.12100"
"0.51865","30.78366","31.14100"
"0.51897","30.80766","31.16100"
"0.51927","30.83188","31.18100"
"0.51952","30.85401","31.20100"
"0.51975","30.87326","31.22100"
"0.52000","30.89080","31.24100"
"0.52024","30.90878","31.26100"
"0.52051","30.92712","31.28100"
"0.52088","30.94749","31.30100"
"0.52135","30.97400","31.32100"
"0.52183","31.00765","31.34100"
"0.52224","31.04396","31.36100"
"0.52250","31.07507","31.38100"
"0.52275","31.09756","31.40100"
"0.52306","31.11624","31.42100"
"0.52343","31.13768","31.44100"
"0.52384","31.16424","31.46100"
"0.52423","31.19429","31.48100"
"0.52450","31.22388","31.50100"
"0.52470","31.24666","31.52100"
"0.52493","31.26299","31.54100"
"0.52523","31.27932","31.56100"
"0.52557","31.29990","31.58100"
"0.52596","31.32485","31.60100"
"0.52643","31.35392","31.62100"
"0.52695","31.38749","31.64100"
"0.52743","31.42626","31.66100"
"0.52774","31.46328","31.68100"
"0.52803","31.49117","31.70100"
"0.52834","31.51313","31.72100"
"0.52867","31.53505","31.74100"
"0.52900","31.55887","31.76100"
"0.52932","31.58340","31.78100"
"0.52960","31.60746","31.80100"
"0.52983","31.62906","31.82100"
"0.53007","31.64755","31.84100"
"0.53032","31.66494","31.86100"
"0.53055","31.68235","31.88100"
"0.53086","31.70019","31.90100"
"0.53129","31.72295","31.92100"
"0.53178","31.75370","31.94100"
"0.53225","31.79075","31.96100"
"0.53260","31.82702","31.98100"
"0.53283","31.85544","32.00100"
"0.53310","31.87556","32.02100"
"0.53344","31.89427","32.04100"
"0.53383","31.91739","32.06100"
"0.53424","31.94585","32.08100"
"0.53459","31.97669","32.10100"
"0.53482","32.00408","32.12100"
"0.53500","32.02310","32.14100"
"0.53523","32.03719","32.16100"
"0.53554","32.05308","32.18100"
"0.53589","32.07437","32.20100"
"0.53631","32.10036","32.22100"
"0.53680","32.13167","32.24100"
"0.53732","32.16818","32.26100"
"0.53777","32.20752","32.28100"
"0.53807","32.24251","32.30100"
"0.53836","32.26891","32.32100"
"0.53868","32.29096","32.34100"
"0.53901","32.31321","32.36100"
"0.53934","32.33710","32.38100"
"0.53963","32.36166","32.40100"
"0.53989","32.38441","32.42100"
"0.54012","32.40409","32.44100"
"0.54036","32.42102","32.46100"
"0.54061","32.43790","32.48100"
"0.54085","32.45605","32.50100"
"0.54119","32.47514","32.52100"
"0.54163","32.49906","32.54100"
"0.54212","32.53045","32.56100"
"0.54257","32.56719","32.58100"
"0.54288","32.60206","32.60100"
"0.54312","32.62862","32.62100"
"0.54341","32.64828","32.64100"
"0.54376","32.66833","32.66100"
"0.54416","32.69330","32.68100"
"0.54456","32.72246","32.70100"
"0.54487","32.75239","32.72100"
"0.54505","32.77718","32.74100"
"0.54524","32.79354","32.76100"
"0.54551","32.80745","32.78100"
"0.54584","32.82523","32.80100"
"0.54623","32.84869","32.82100"
"0.54668","32.87761","32.84100"
"0.54719","32.91146","32.86100"
"0.54771","32.95007","32.88100"
"0.54808","32.98916","32.90100"
"0.54837","33.02037","32.92100"
"0.54867","33.04395","32.94100"
"0.54902","33.06581","32.96100"
"0.54937","33.09038","32.98100"
"0.54967","33.11618","33.00100"
"0.54994","33.14036","33.02100"
"0.55018","33.16095","33.04100"
"0.55041","33.17888","33.06100"
"0.55065","33.19550","33.08100"
"0.55088","33.21288","33.10100"
"0.55116","33.23042","33.12100"
"0.55156","33.25115","33.14100"
"0.55203","33.27909","33.16100"
"0.55251","33.31421","33.18100"
"0.55289","33.35085","33.20100"
"0.55313","33.38112","33.22100"
"0.55339","33.40308","33.24100"
"0.55370","33.42191","33.26100"
"0.55406","33.44329","33.28100"
"0.55448","33.46980","33.30100"
"0.55488","33.50064","33.32100"
"0.55514","33.53123","33.34100"
"0.55532","33.55388","33.36100"
"0.55556","33.56938","33.38100"
"0.55587","33.58551","33.40100"
"0.55622","33.60695","33.42100"
"0.55664","33.63343","33.44100"
"0.55712","33.66449","33.46100"
"0.55765","33.70062","33.48100"
"0.55811","33.74071","33.50100"
"0.55842","33.77690","33.52100"
"0.55870","33.80354","33.54100"
"0.55901","33.82529","33.56100"
"0.55934","33.84698","33.58100"
"0.55970","33.87086","33.60100"
"0.56002","33.89658","33.62100"
"0.56027","33.92101","33.64100"
"0.56050","33.94125","33.66100"
"0.56072","33.95804","33.68100"
"0.56096","33.97396","33.70100"
"0.56122","33.99159","33.72100"
"0.56152","34.01038","33.74100"
"0.56191","34.03266","33.76100"
"0.56239","34.06120","33.78100"
"0.56286","34.09604","33.80100"
"0.56323","34.13217","33.82100"
"0.56348","34.16216","33.84100"
"0.56373","34.18354","33.86100"
"0.56404","34.20180","33.88100"
"0.56443","34.22328","33.90100"
"0.56487","34.25113","33.92100"
"0.56526","34.28386","33.94100"
"0.56545","34.31300","33.96100"
"0.56563","34.33163","33.98100"
"0.56589","34.34577","34.00100"
"0.56621","34.36250","34.02100"
"0.56658","34.38442","34.04100"
"0.56701","34.41183","34.06100"
"0.56752","34.44483","34.08100"
"0.56806","34.48261","34.10100"
"0.56844","34.52233","34.12100"
"0.56871","34.55452","34.14100"
"0.56899","34.57729","34.16100"
"0.56931","34.59704","34.18100"
"0.56968","34.61955","34.20100"
"0.57002","34.64582","34.22100"
"0.57031","34.67192","34.24100"
"0.57055","34.69440","34.26100"
"0.57077","34.71301","34.28100"
"0.57101","34.72945","34.30100"
"0.57128","34.74630","34.32100"
"0.57153","34.76491","34.34100"
"0.57187","34.78483","34.36100"
"0.57231","34.80912","34.38100"
"0.57280","34.83947","34.40100"
"0.57325","34.87441","34.42100"
"0.57355","34.90830","34.44100"
"0.57379","34.93409","34.46100"
"0.57407","34.95352","34.48100"
"0.57442","34.97333","34.50100"
"0.57484","34.99782","34.52100"
"0.57525","35.02700","34.54100"
"0.57557","35.04245","34.56100"
"0.57575","35.04905","34.58100"
"0.57596","35.05918","34.60100"
"0.57625","35.07388","34.62100"
"0.57658","35.09366","34.64100"
"0.57696","35.11778","34.66100"
"0.57741","35.14623","34.68100"
"0.57793","35.18013","34.70100"
"0.57844","35.21891","34.72100"
"0.57879","35.25704","34.74100"
"0.57907","35.28678","34.76100"
"0.57936","35.30938","34.78100"
"0.57969","35.33020","34.80100"
"0.58003","35.35333","34.82100"
"0.58034","35.37799","34.84100"
"0.58061","35.40130","34.86100"
"0.58085","35.42187","34.88100"
"0.58108","35.43961","34.90100"
"0.58132","35.45648","34.92100"
"0.58157","35.47418","34.94100"
"0.58184","35.49234","34.96100"
"0.58221","35.51230","34.98100"
"0.58268","35.53820","35.00100"
"0.58318","35.57177","35.02100"
"0.58360","35.60916","35.04100"
"0.58387","35.64172","35.06100"
"0.58411","35.66511","35.08100"
"0.58442","35.68396","35.10100"
"0.58479","35.70508","35.12100"
"0.58520","35.73091","35.14100"
"0.58559","35.72311","35.16100"
"0.58583","35.71197","35.18100"
"0.58601","35.71865","35.20100"
"0.58624","35.73200","35.22100"
"0.58654","35.74909","35.24100"
"0.58689","35.77049","35.26100"
"0.58730","35.79632","35.28100"
"0.58776","35.82675","35.30100"
"0.58828","35.86210","35.32100"
"0.58876","35.90108","35.34100"
"0.58907","35.93705","35.36100"
"0.58935","35.96442","35.38100"
"0.58967","35.98674","35.40100"
"0.59000","36.00921","35.42100"
"0.59034","36.03331","35.44100"
"0.59065","36.05792","35.46100"
"0.59091","36.08125","35.48100"
"0.59115","36.10188","35.50100"
"0.59138","36.11959","35.52100"
"0.59164","36.13630","35.54100"
"0.59192","36.15409","35.56100"
"0.59220","36.17391","35.58100"
"0.59257","36.19573","35.60100"
"0.59303","36.22280","35.62100"
"0.59351","36.25655","35.64100"
"0.59388","36.29230","35.66100"
"0.59413","36.32234","35.68100"
"0.59438","36.34379","35.70100"
"0.59470","36.36227","35.72100"
"0.59509","36.38439","35.74100"
"0.59552","36.41246","35.76100"
"0.59591","36.44399","35.78100"
"0.59611","36.47320","35.80100"
"0.59627","36.49273","35.82100"
"0.59649","36.50552","35.84100"
"0.59679","36.51984","35.86100"
"0.59716","36.54006","35.88100"
"0.59759","36.56621","35.90100"
"0.59810","36.59845","35.92100"
"0.59869","36.63740","35.94100"
"0.59917","36.68073","35.96100"
"0.59950","36.71941","35.98100"
"0.59978","36.74772","36.00100"
"0.60008","36.76952","36.02100"
"0.60038","36.79018","36.04100"
"0.60067","36.81175","36.06100"
"0.60095","36.83341","36.08100"
"0.60121","36.85405","36.10100"
"0.60144","36.87328","36.12100"
"0.60168","36.89111","36.14100"
"0.60193","36.90870","36.16100"
"0.60213","36.92605","36.18100"
"0.60242","36.94209","36.20100"
"0.60284","36.96225","36.22100"
"0.60335","36.99148","36.24100"
"0.60388","37.02894","36.26100"
"0.60427","37.06845","36.28100"
"0.60451","37.10007","36.30100"
"0.60475","37.12177","36.32100"
"0.60507","37.13946","36.34100"
"0.60546","37.16086","36.36100"
"0.60588","37.18810","36.38100"
"0.60622","37.21899","36.40100"
"0.60637","37.24503","36.42100"
"0.60656","37.26078","36.44100"
"0.60685","37.27303","36.46100"
"0.60719","37.28734","36.48100"
"0.60757","37.30923","36.50100"
"0.60800","37.33720","36.52100"
"0.60850","37.36984","36.54100"
"0.60903","37.40722","36.56100"
"0.60943","37.44622","36.58100"
"0.60972","37.47863","36.60100"
"0.61004","37.50327","36.62100"
"0.61041","37.52611","36.64100"
"0.61081","37.55205","36.66100"
"0.61113","37.58021","36.68100"
"0.61137","37.60534","36.70100"
"0.61157","37.62459","36.72100"
"0.61178","37.56174","36.74100"
"0.61199","37.43273","36.75800"
"0.61220","37.36047","36.77800"
"0.61246","37.35862","36.79800"
"0.61283","37.38362","36.81800"
"0.61330","37.41657","36.83800"
"0.61380","37.45332","36.85800"
"0.61423","37.49147","36.87800"
"0.61451","37.52539","36.89800"
"0.61473","37.54978","36.91800"
"0.61501","37.56704","36.93800"
"0.61539","37.58554","36.95800"
"0.61581","37.61089","36.97800"
"0.61621","37.64182","36.99800"
"0.61649","37.67234","37.01800"
"0.61666","37.69541","37.03800"
"0.61687","37.71050","37.05800"
"0.61716","37.72485","37.07800"
"0.61750","37.74386","37.09800"
"0.61789","37.76816","37.11800"
"0.61836","37.79754","37.13800"
"0.61888","37.83216","37.15800"
"0.61940","37.87119","37.17800"
"0.61975","37.90946","37.19800"
"0.62002","37.93907","37.21800"
"0.62032","37.96071","37.23800"
"0.62067","37.97793","37.25800"
"0.62105","37.99930","37.27800"
"0.62137","38.02552","37.29800"
"0.62160","38.05007","37.31800"
"0.62179","38.06882","37.33800"
"0.62197","38.08214","37.35800"
"0.62221","38.09243","37.37800"
"0.62245","38.10617","37.39800"
"0.62274","38.12274","37.41800"
"0.62314","38.14301","37.43800"
"0.62362","38.17022","37.45800"
"0.62411","38.20420","37.47800"
"0.62451","38.24009","37.49800"
"0.62477","38.27132","37.51800"
"0.62501","38.29348","37.53800"
"0.62534","38.31187","37.55800"
"0.62573","38.33345","37.57800"
"0.62614","38.36062","37.59800"
"0.62651","38.39054","37.61800"
"0.62673","38.41768","37.63800"
"0.62690","38.43623","37.65800"
"0.62715","38.44952","37.67800"
"0.62746","38.46564","37.69800"
"0.62782","38.48711","37.71800"
"0.62824","38.51279","37.73800"
"0.62874","38.54362","37.75800"
"0.62928","38.58027","37.77800"
"0.62973","38.61995","37.79800"
"0.63003","38.65443","37.81800"
"0.63033","38.68024","37.83800"
"0.63065","38.70190","37.85800"
"0.63100","38.72432","37.87800"
"0.63132","38.74847","37.89800"
"0.63161","38.77202","37.91800"
"0.63185","38.79350","37.93800"
"0.63207","38.81130","37.95800"
"0.63231","38.82679","37.97800"
"0.63257","38.84255","37.99800"
"0.63283","38.86027","38.01800"
"0.63313","38.87945","38.03800"
"0.63355","38.90166","38.05800"
"0.63404","38.93071","38.07800"
"0.63450","38.96607","38.09800"
"0.63483","39.00097","38.11800"
"0.63506","39.02788","38.13800"
"0.63534","39.04683","38.15800"
"0.63569","39.06478","38.17800"
"0.63610","39.08818","38.19800"
"0.63651","39.11720","38.21800"
"0.63683","39.14742","38.23800"
"0.63700","39.17151","38.25800"
"0.63723","39.18707","38.27800"
"0.63754","39.20212","38.29800"
"0.63789","39.22236","38.31800"
"0.63828","39.24749","38.33800"
"0.63870","39.27602","38.35800"
"0.63917","39.30708","38.37800"
"0.63967","39.34147","38.39800"
"0.64001","39.37682","38.41800"
"0.64013","39.15446","38.42700"
"0.64016","38.88690","38.42800"
"0.64022","38.49677","38.42900"
"0.64032","37.98924","38.43000"
"0.64047","37.37580","38.43100"
"0.64066","36.66946","38.43200"
"0.64091","35.88267","38.43300"
"0.64119","35.02651","38.43400"
"0.64149","34.11071","38.43500"
"0.64181","33.14400","38.43600"
"0.64215","32.13432","38.43700"
"0.64249","31.08911","38.43800"
"0.64284","30.01526","38.43900"
"0.64321","28.91921","38.44000"
"0.64358","27.80697","38.44100"
"0.64396","26.68415","38.44200"
"0.64434","25.55591","38.44300"
"0.64472","24.42697","38.44400"
"0.64510","23.30164","38.44500"
